Job Title,Employer Website,Employer Name,Location,Min Salary,Max Salary,Posted At,Application URL
Part-Time Medical Provider/Director,https://jobsinmaine.com/companies/catholic-charities-maine-5447769,Catholic Charities Maine,"Auburn, Maine, United States",$140/hour,$200/hour,2025-11-06 12:39:17,/jobs/173249040/apply
KVCC Athletic Director,https://jobsinmaine.com/companies/kennebec-valley-community-college-3796832,Kennebec Valley Community College,"Fairfield, Maine, United States",,,2025-11-05 15:39:18,/jobs/172702272/apply
Customer Service Account Associate  On-Site,https://jobsinmaine.com/companies/t-mobile-5381423,T-Mobile,"Oakland, Maine, United States",$0/year,$0/year,2025-11-05 15:39:19,/jobs/172594430/apply
Driving Instructor,https://jobsinmaine.com/companies/mullens-driving-school-inc-5997961,"Mullens Driving School, INC.","Gorham, Maine, United States",$20/hour,$28/hour,2025-11-03 15:39:19,/jobs/172240923/apply
Customer Relationship Management Platform Manager,https://jobsinmaine.com/companies/university-of-maine-cooperative-extension-5957057,University of Maine - Cooperative Extension,"Orono, Maine, United States",$65k/year,$68k/year,2025-10-30 15:39:20,/jobs/168636212/apply
Multimedia Content Developer,https://jobsinmaine.com/companies/maine-seacoast-mission-5949399,Maine Seacoast Mission,"Northeast Harbor, Maine, United States",$57k/year,$65k/year,2025-10-23 15:39:21,/jobs/168454531/apply
Downeast Director,https://jobsinmaine.com/companies/maine-seacoast-mission-5949399,Maine Seacoast Mission,"Cherryfield, Maine, United States",$82k/year,$92k/year,2025-10-23 15:39:22,/jobs/168349092/apply
Administrative Coordinator,https://jobsinmaine.com/companies/northland-management-corp-5944401,Northland Management Corp,"17 South Street, 3rd Floor, Portland, ME 04101",$22/hour,$25/hour,2025-10-23 15:39:23,/jobs/168112451/apply
Bus Operator,https://jobsinmaine.com/companies/biddeford-saco-oob-transit-5940894,Biddeford Saco OOB Transit,"Biddeford, Maine, United States",$26.11/hour,$29.06/hour,2025-10-23 15:39:24,/jobs/168010392/apply
On-Call Snowplow Driver,https://jobsinmaine.com/companies/mainemoss-inc-5919729,Mainemoss Inc,"Georgetown, Maine, United States",$25/hour,$25/hour,2025-10-16 15:39:24,/jobs/167244400/apply
Kitchen & Bath Specialist,https://jobsinmaine.com/companies/mccormack-building-supply-5324724,McCormack Building Supply,"Winslow, Maine, United States",,,2025-10-16 15:39:25,/jobs/166933347/apply
Outside Sales Representative,https://jobsinmaine.com/companies/mccormack-building-supply-5324724,McCormack Building Supply,"Winslow, Maine, United States",,,2025-10-16 15:39:26,/jobs/166933134/apply
Sales Associate,https://jobsinmaine.com/companies/mccormack-building-supply-5324724,McCormack Building Supply,"Winslow, Maine, United States",$42k/year,$75k/year,2025-10-16 15:39:27,/jobs/166932522/apply
HIGHEST PAID REMOTE SALES POSITION,https://jobsinmaine.com/companies/emergent-financial-group-4012326,Emergent Financial Group,"Belfast, Maine, United States",$40k/year,$400k/year,2025-11-06 01:39:28,/jobs/169030887/apply
Environmental Services Technician I - Bar Harbor,https://jobsinmaine.com/companies/the-jackson-laboratory-2470939,The Jackson Laboratory,"Bar Harbor, Maine, United States",,,2025-11-06 00:39:29,/jobs/173283766/apply
Retail Sales Associate (Seasonal),https://jobsinmaine.com/companies/new-balance-athletics-inc-4653558,"New Balance Athletics, Inc.","Kittery, Maine, United States",,,2025-11-06 00:39:30,/jobs/173283767/apply
Retail Sales Associate PT,https://jobsinmaine.com/companies/new-balance-athletics-inc-4653558,"New Balance Athletics, Inc.","Oxford, Maine, United States",,,2025-11-06 00:39:31,/jobs/173283765/apply
Retail Team Lead (PT),https://jobsinmaine.com/companies/new-balance-athletics-inc-4653558,"New Balance Athletics, Inc.","Kittery, Maine, United States",,,2025-11-06 00:39:31,/jobs/173283768/apply
Production Manager,https://jobsinmaine.com/companies/international-flavors-and-fragrances-4154169,International Flavors and Fragrances,"Rockland, Maine, United States",,,2025-11-05 23:39:33,/jobs/173283769/apply
Fifth-Year Fellowship: Office of Civic Engagement and Community Partnerships,https://jobsinmaine.com/companies/colby-college-3216011,Colby College,"Colby College, United States of America",,,2025-11-05 22:39:34,/jobs/172952845/apply
DENTAL ASSISTANT,https://jobsinmaine.com/companies/gentle-dental-biddeford-5569203,Gentle Dental Biddeford,"Biddeford, ME, US",$41k/year,$62k/year,2025-11-05 21:39:35,/jobs/172903304/apply
Transport Delivery Driver,https://jobsinmaine.com/companies/dead-river-company-2999291,Dead River Company,"Westbrook, ME, US",,,2025-11-05 21:39:36,/jobs/172903302/apply
Paint prepper,https://jobsinmaine.com/companies/paint-kings-and-restoration-4434221,Paint Kings and Restoration,"Windham, ME, US",,,2025-11-05 19:39:36,/jobs/172970066/apply
Helper,https://jobsinmaine.com/companies/alc-property-services-3752396,ALC Property Services,"Cumberland Center, ME, US",,,2025-11-05 17:39:37,/jobs/168208293/apply
Fun After-School STEM Teacher,https://jobsinmaine.com/companies/mad-science-of-maine-5777701,Mad Science of Maine,"Portland, ME, US",,,2025-11-05 16:39:38,/jobs/168049664/apply
Independent Owner/Operator,https://jobsinmaine.com/companies/utz-quality-foods-3559046,Utz Quality Foods,"Gorham, ME, US",,,2025-11-05 15:39:39,/jobs/172970067/apply
OTR Driver,https://jobsinmaine.com/companies/swt-llc-6013278,SWT Llc,"Portland, ME, US",,,2025-11-05 15:39:40,/jobs/172970068/apply
Furniture Sales Specialist - New England Sales,https://jobsinmaine.com/companies/krueger-international-4747176,Krueger International,"Portland, Maine, United States",,,2025-11-05 15:39:41,/jobs/172785694/apply
Experienced Carpenters,https://jobsinmaine.com/companies/pine-valley-home-solutions-3801912,Pine Valley Home Solutions,"Sanford, ME, US",,,2025-11-05 15:39:42,/jobs/164440191/apply
Shuttle Driver,https://jobsinmaine.com/companies/auto-sound-6013280,Auto Sound,"Scarborough, ME, US",,,2025-11-05 15:39:42,/jobs/172970069/apply
Class A CDL Truck Driver,https://jobsinmaine.com/companies/springborn-staffing-5567858,Springborn Staffing,"Moody, ME, US",,,2025-11-05 15:39:44,/jobs/172970070/apply
Carpenter,https://jobsinmaine.com/companies/american-building-group-4078584,American Building Group,"Portland, ME, US",,,2025-11-05 15:39:45,/jobs/119828932/apply
Installer,https://jobsinmaine.com/companies/material-handling-sales-5700914,Material Handling Sales,"Yarmouth, ME, US",,,2025-11-05 15:39:46,/jobs/172970065/apply
Medicare Inbound Contacts Representative,https://jobsinmaine.com/companies/humana-3236545,Humana,"Remote (Maine, ME, US)",,,2025-11-05 15:39:47,/jobs/169165549/apply
Seasonal Package Handler - Part Time (Warehouse li,https://jobsinmaine.com/companies/fedex-4352394,Fedex,"Bangor, ME, US",,,2025-11-05 15:39:48,/jobs/171234055/apply
Package Handler - Part Time (Warehouse like),https://jobsinmaine.com/companies/fedex-4352394,Fedex,"Saco, ME, US",,,2025-11-05 15:39:49,/jobs/167347520/apply
HIGHEST PAID REMOTE SALES POSITION,https://jobsinmaine.com/companies/emergent-financial-group-4012326,Emergent Financial Group,"Lubec, Maine, United States",$40k/year,$400k/year,2025-11-05 15:39:50,/jobs/172785692/apply
"Seasonal Retail Cosmetics Sales Associate - Lancome, South Portland",https://jobsinmaine.com/companies/macy-s-2979950,Macy's,"South Portland, Maine, United States",,,2025-11-05 15:39:51,/jobs/172785693/apply
"Retail Commission Sales Associate - Fine Jewelry, South Portland - Part Time",https://jobsinmaine.com/companies/macy-s-2979950,Macy's,"South Portland, Maine, United States",,,2025-11-05 15:39:52,/jobs/145378051/apply
Case Manager RN - Per Diem,https://jobsinmaine.com/companies/optum-3272556,Optum,"Bangor, Maine, United States",,,2025-11-05 15:39:53,/jobs/172785695/apply
"Nurse Practitioner or Physician Assistant- HouseCalls - Androscoggin, Kennebec -",https://jobsinmaine.com/companies/optum-3272556,Optum,"Lewiston, Maine, United States",,,2025-11-05 15:39:53,/jobs/172785696/apply
Per Assessment Nurse Practitioner or Physician Assistant - HouseCalls - Franklin,https://jobsinmaine.com/companies/optum-3272556,Optum,"Farmington, Maine, United States",,,2025-11-05 15:39:54,/jobs/172785697/apply
"Part Time Nurse Practitioner HouseCalls - Knox County, ME",https://jobsinmaine.com/companies/optum-3272556,Optum,"Rockland, Maine, United States",,,2025-11-05 15:39:55,/jobs/172785698/apply
"Per Assessment NP - HouseCalls - Aroostook County, ME",https://jobsinmaine.com/companies/optum-3272556,Optum,"Presque Isle, Maine, United States",,,2025-11-05 15:39:56,/jobs/172785699/apply
Facility Maintenance,https://jobsinmaine.com/companies/woodex-bearing-company-3556971,Woodex Bearing Company,"Georgetown, ME, US",$23/hour,$25/hour,2025-11-05 15:39:57,/jobs/172610400/apply
3rd Shift Warehouse Material Handler - $2.50 an hour Shift Differential,https://jobsinmaine.com/companies/american-steel-and-aluminum-llc-5823343,American Steel and Aluminum LLC,"South Portland, ME, US",,,2025-11-05 15:39:58,/jobs/172610399/apply
Tractor Trailer Driver / Intercompany,https://jobsinmaine.com/companies/oakhurst-dairy-3263539,Oakhurst Dairy,"Portland, ME, US",$30/hour,$34/hour,2025-11-05 15:39:59,/jobs/172610398/apply
"Supervisor, Facilities IV - Ellsworth",https://jobsinmaine.com/companies/the-jackson-laboratory-2470939,The Jackson Laboratory,"Ellsworth, Maine",,,2025-11-05 15:39:59,/jobs/168527459/apply
Customer Service Rep(03003) - 518 US Route 1,https://jobsinmaine.com/companies/domino-s-franchise-3763416,Domino's Franchise,"Kittery, ME",,,2025-11-05 15:40:01,/jobs/172785043/apply
Licensed PT,https://jobsinmaine.com/companies/seacoast-physical-therapy-4090865,Seacoast Physical Therapy,"Kennebunk, ME",,,2025-11-05 15:40:02,/jobs/173277796/apply
Weekend Nurse (RN),https://jobsinmaine.com/companies/community-health-and-counseling-services-2445506,Community Health and Counseling Services,"Bangor, ME, US",,,2025-11-05 15:40:03,/jobs/171277414/apply
"Deputy Chief Information Security Officer, Deputy CISO",https://jobsinmaine.com/companies/idexx-laboratories-inc-4017235,"IDEXX Laboratories, Inc","Westbrook, Maine, United States",,,2025-11-04 15:40:04,/jobs/172578801/apply
Psychiatrist,https://jobsinmaine.com/companies/talkiatry-4231376,Talkiatry,"Maine, US, US",,,2025-11-04 15:40:05,/jobs/172578459/apply
"Baker, mornings",https://jobsinmaine.com/companies/monte-s-fine-foods-3559105,Monte's Fine Foods,"Portland, ME, US",,,2025-11-04 15:40:07,/jobs/172622226/apply
Dishwasher/Utility Clerk,https://jobsinmaine.com/companies/monte-s-fine-foods-3559105,Monte's Fine Foods,"Portland, ME, US",,,2025-11-04 15:40:07,/jobs/167254036/apply
delivery driver,https://jobsinmaine.com/companies/micucci-wholesale-foods-4104004,Micucci Wholesale Foods,"Portland, ME, US",,,2025-11-04 15:40:08,/jobs/172622227/apply
PSS (Personal Support Specialist,https://jobsinmaine.com/companies/maine-home-care-solutions-llc-5863284,Maine Home Care Solutions LLC,"Saco, ME, US",,,2025-11-04 15:40:09,/jobs/172622228/apply
Owner,https://jobsinmaine.com/companies/serge-berube-builders-4121477,Serge Berube Builders,"Peaks Island, ME, US",,,2025-11-04 15:40:10,/jobs/165892727/apply
Satellite Installation Tech,https://jobsinmaine.com/companies/livewire-communications-3559021,Livewire Communications,"Bethel, ME, US",,,2025-11-04 15:40:11,/jobs/163653217/apply
Rehabilitation Technician,https://jobsinmaine.com/companies/brightspring-health-services-4045542,BrightSpring Health Services,"Rockland, Maine, United States",,,2025-11-04 15:40:12,/jobs/150149179/apply
"Director, IT Strategy and Delivery | Enterprise Applications",https://jobsinmaine.com/companies/the-jackson-laboratory-2470939,The Jackson Laboratory,"Bar Harbor, Maine, United States",,,2025-11-04 15:40:13,/jobs/172578800/apply
FT Pharmacy Tech I - Central Processing,https://jobsinmaine.com/companies/hannaford-supermarkets-4012177,Hannaford Supermarkets,"Scarborough, Maine, United States",,,2025-11-04 15:40:14,/jobs/172578802/apply
FT Bakery Sales Associate,https://jobsinmaine.com/companies/hannaford-supermarkets-4012177,Hannaford Supermarkets,"Augusta, Maine, United States",,,2025-11-04 15:40:15,/jobs/172578803/apply
FT Stock Crew (Nights),https://jobsinmaine.com/companies/hannaford-supermarkets-4012177,Hannaford Supermarkets,"South Portland, Maine, United States",,,2025-11-04 15:40:16,/jobs/172578804/apply
FT Pharmacy Tech II - Central Processing,https://jobsinmaine.com/companies/hannaford-supermarkets-4012177,Hannaford Supermarkets,"Scarborough, Maine, United States",,,2025-11-04 15:40:17,/jobs/172578805/apply
PT Sales Associate Cashier,https://jobsinmaine.com/companies/hannaford-supermarkets-4012177,Hannaford Supermarkets,"Lincoln, Maine, United States",,,2025-11-04 15:40:17,/jobs/172578806/apply
PT Seafood Sales Associate,https://jobsinmaine.com/companies/hannaford-supermarkets-4012177,Hannaford Supermarkets,"Boothbay Harbor, Maine, United States",,,2025-11-04 15:40:18,/jobs/172578807/apply
Reserve Shuttle Driver,https://jobsinmaine.com/companies/colby-college-3216011,Colby College,"Colby College, United States of America",,,2025-11-04 15:40:19,/jobs/172279067/apply
"Director, Center for Resilience and Economic Impact",https://jobsinmaine.com/companies/colby-college-3216011,Colby College,"Colby College, United States of America",,,2025-11-04 15:40:20,/jobs/172279066/apply
Regional Sales Executive,https://jobsinmaine.com/companies/ez-direct-sales-5310704,EZ Direct Sales,"Portland, ME, US",,,2025-11-04 15:40:21,/jobs/172279761/apply
Associate Dentist,https://jobsinmaine.com/companies/breakwater-dental-5890622,Breakwater Dental,"South Portland, ME, US",$300k/year,$350k/year,2025-11-04 15:40:22,/jobs/172264739/apply
Electrical Motor Technician,https://jobsinmaine.com/companies/prime-electric-motors-inc-6001631,"Prime Electric Motors, Inc.","Gorham, ME, US",$20/hour,$25/hour,2025-11-04 15:40:22,/jobs/172264738/apply
.5 Case Manager/.5 IEP Coordinator,https://jobsinmaine.com/companies/msad-60-north-berwick-2956057,MSAD #60 (North Berwick),"North Berwick, ME, US",$48.84k/year,$58.82k/year,2025-11-04 15:40:23,/jobs/172264737/apply
Residential Substance Use Clinician,https://jobsinmaine.com/companies/dayone-4660936,DayOne,"Windham, ME, US",$57k/year,$57k/year,2025-11-04 15:40:24,/jobs/172264736/apply
LADC-IOP and OHH,https://jobsinmaine.com/companies/dayone-4660936,DayOne,"New Gloucester, ME, US",$27/hour,$27/hour,2025-11-04 15:40:25,/jobs/172264735/apply
Cook,https://jobsinmaine.com/companies/smitty-s-cinema-and-gamelab-3822598,Smitty's Cinema and GameLAB,"Topsham, ME, US",,,2025-11-04 15:40:26,/jobs/172279762/apply
Technicians needed,https://jobsinmaine.com/companies/dnk-select-cars-trucks-5004504,DNK Select Cars & Trucks,"Randolph, ME, US",,,2025-11-04 15:40:26,/jobs/172279763/apply
Line Cook,https://jobsinmaine.com/companies/off-track-pizza-4199196,Off Track Pizza,"Portland, ME, US",,,2025-11-04 15:40:27,/jobs/161704703/apply
Financial Analyst IV | JMCRS Operations,https://jobsinmaine.com/companies/the-jackson-laboratory-2470939,The Jackson Laboratory,"Bar Harbor, Maine",,,2025-11-03 15:40:28,/jobs/168824245/apply
Afterschool STEM Instructors,https://jobsinmaine.com/companies/mad-science-of-maine-5777701,Mad Science of Maine,"Portland, ME, US",,,2025-11-03 15:40:29,/jobs/172279764/apply
Winter Equipment Operator,https://jobsinmaine.com/companies/outdoor-pride-3559095,Outdoor Pride,"North Berwick, ME, US",,,2025-11-03 15:40:30,/jobs/172279765/apply
Delivery Driver,https://jobsinmaine.com/companies/heatable-6012511,Heatable,"Westbrook, ME, US",,,2025-11-03 15:40:30,/jobs/172903303/apply
Sales & Service Writer,https://jobsinmaine.com/companies/sullivan-tire-auto-service-5396423,Sullivan Tire & Auto Service,"Falmouth, ME, US",,,2025-11-03 15:40:31,/jobs/172610401/apply
Community Rehabilitation Worker I â€“ MHRT1,https://jobsinmaine.com/companies/community-health-and-counseling-services-2445506,Community Health and Counseling Services,"Bangor, ME, US",,,2025-11-03 15:40:32,/jobs/171277415/apply
HIGHEST PAID REMOTE SALES POSITION,https://jobsinmaine.com/companies/emergent-financial-group-4012326,Emergent Financial Group,"Bar Harbor, Maine, United States",$40k/year,$400k/year,2025-11-03 15:40:33,/jobs/151153470/apply
HIGHEST PAID REMOTE SALES POSITION,https://jobsinmaine.com/companies/emergent-financial-group-4012326,Emergent Financial Group,"Farmington, Maine, United States",$40k/year,$400k/year,2025-11-03 15:40:34,/jobs/160703904/apply
HIGHEST PAID REMOTE SALES POSITION,https://jobsinmaine.com/companies/emergent-financial-group-4012326,Emergent Financial Group,"Rumford, Maine, United States",$40k/year,$400k/year,2025-11-03 15:40:35,/jobs/160703907/apply
HIGHEST PAID REMOTE SALES POSITION,https://jobsinmaine.com/companies/emergent-financial-group-4012326,Emergent Financial Group,"Eastport, Maine, United States",$40k/year,$400k/year,2025-11-03 15:40:35,/jobs/168526834/apply
HIGHEST PAID REMOTE SALES POSITION,https://jobsinmaine.com/companies/emergent-financial-group-4012326,Emergent Financial Group,"Castine, Maine, United States",$40k/year,$400k/year,2025-11-03 15:40:36,/jobs/172175524/apply
HIGHEST PAID REMOTE SALES POSITION,https://jobsinmaine.com/companies/emergent-financial-group-4012326,Emergent Financial Group,"Auburn, Maine, United States",$40k/year,$400k/year,2025-11-03 15:40:37,/jobs/145924558/apply
HIGHEST PAID REMOTE SALES POSITION,https://jobsinmaine.com/companies/emergent-financial-group-4012326,Emergent Financial Group,"York, Maine, United States",$40k/year,$400k/year,2025-11-03 15:40:39,/jobs/168824179/apply
Account Manager - Credit (4004),https://jobsinmaine.com/companies/alliant-insurance-services-4895190,Alliant Insurance Services,"Cumberland, Maine, United States",$55k/year,$60k/year,2025-11-03 15:40:40,/jobs/172175525/apply
"Director, Engineering & Capital Projects",https://jobsinmaine.com/companies/the-jackson-laboratory-2470939,The Jackson Laboratory,"Bar Harbor, Maine, United States",,,2025-11-03 15:40:40,/jobs/172175526/apply
Phlebotomist I,https://jobsinmaine.com/companies/quest-diagnostics-incorporated-4059540,Quest Diagnostics Incorporated,"Blue Hill, Maine, United States",$25k/year,$50.00k/year,2025-11-03 15:40:41,/jobs/172175527/apply
Host/Hostess,https://jobsinmaine.com/companies/miss-portland-diner-5444357,Miss Portland Diner,"Portland, ME, US",,,2025-11-03 15:40:42,/jobs/171927243/apply
Entry Level Technician,https://jobsinmaine.com/companies/sullivan-tire-auto-service-5396423,Sullivan Tire & Auto Service,"Windham, ME, US",,,2025-11-03 15:40:43,/jobs/171913457/apply
Professional Painter,https://jobsinmaine.com/companies/ushers-painting-service-inc-5999133,"Ushers Painting Service Inc,","Randolph, ME, US",,,2025-11-03 15:40:44,/jobs/171927244/apply
Director of Industry and Community Partnerships,https://jobsinmaine.com/companies/colby-college-3216011,Colby College,"Colby College, United States of America",,,2025-11-03 15:40:45,/jobs/172279065/apply
Part Time Licensed Talk Therapist - Fee For Service,https://jobsinmaine.com/companies/thriveworks-3558986,Thriveworks,"Mount Desert, ME",,,2025-11-03 15:40:45,/jobs/160194794/apply
Software Developer Internship,https://jobsinmaine.com/companies/l-l-bean-inc-3558835,L.L.Bean Inc.,"Freeport, ME",,,2025-11-03 15:40:46,/jobs/172280122/apply
Maintenance Mechanic I,https://jobsinmaine.com/companies/the-jackson-laboratory-2470939,The Jackson Laboratory,"Bar Harbor, Maine",,,2025-11-03 15:40:47,/jobs/172257092/apply
Carpenter,https://jobsinmaine.com/companies/guiding-builders-5751154,Guiding Builders,"Saco, ME, US",,,2025-11-03 15:40:48,/jobs/171927242/apply
D2D Sales Team,https://jobsinmaine.com/companies/alchemy-enterprises-5848068,Alchemy Enterprises,"Portsmouth, NH, US",,,2025-11-02 15:40:49,/jobs/171927245/apply
Maintenance Technician II,https://jobsinmaine.com/companies/calpine-4948208,Calpine,"Westbrook, Maine, United States",,,2025-11-02 15:40:50,/jobs/171856750/apply
"Tile setter, Mason",https://jobsinmaine.com/companies/pine-state-tile-and-masonry-5453507,Pine State Tile and Masonry,"Topsham, ME, US",,,2025-11-02 15:40:50,/jobs/171927246/apply
Server Part Time,https://jobsinmaine.com/companies/bayside-american-cafe-3840487,Bayside American Cafe,"Portland, ME, US",,,2025-11-02 15:40:51,/jobs/171927247/apply
"Oil Delivery Driver - Kennebunk, ME",https://jobsinmaine.com/companies/superior-plus-propane-4879046,Superior Plus Propane,"Kennebunk, Maine, United States",,,2025-11-02 15:40:52,/jobs/167514254/apply
"Financial Analyst, HR",https://jobsinmaine.com/companies/cianbro-4164970,Cianbro,"Pittsfield, Maine, United States",,,2025-11-02 15:40:53,/jobs/171856746/apply
Sr Account Manager - Paper (Maine),https://jobsinmaine.com/companies/ecolab-5328158,ECOLAB,"Bangor, Maine, United States",,,2025-11-02 15:40:54,/jobs/171856747/apply
Implementation Consultant,https://jobsinmaine.com/companies/tyler-technologies-3282875,Tyler Technologies,"Remote (Yarmouth, Maine, United States)",$58.29k/year,$84.60k/year,2025-11-02 15:40:54,/jobs/171856748/apply
Internship - Power Operations Engineer - Westbrook Energy Center,https://jobsinmaine.com/companies/calpine-4948208,Calpine,"Westbrook, Maine, United States",,,2025-11-02 15:40:55,/jobs/171856749/apply
Sales Associate,https://jobsinmaine.com/companies/essilorluxottica-4528006,EssilorLuxottica,"Freeport, Maine, United States",,,2025-11-02 15:40:56,/jobs/171856751/apply
Sunglass Hut - Assistant Manager I,https://jobsinmaine.com/companies/essilorluxottica-4528006,EssilorLuxottica,"South Portland, Maine, United States",,,2025-11-02 15:40:57,/jobs/171856752/apply
Maintenance Mechanic II,https://jobsinmaine.com/companies/mainehealth-3972146,MaineHealth,"Norway, Maine, United States",,,2025-11-02 15:40:58,/jobs/171856753/apply
Hematologist Oncologist - Per Diem,https://jobsinmaine.com/companies/mainehealth-3972146,MaineHealth,"Damariscotta, Maine, United States",,,2025-11-02 15:40:59,/jobs/171856754/apply
"Medical Assistant - Ear, Nose, Throat",https://jobsinmaine.com/companies/mainehealth-3972146,MaineHealth,"Scarborough, Maine, United States",,,2025-11-02 15:41:00,/jobs/171856755/apply
Delivery Driver,https://jobsinmaine.com/companies/portland-house-of-pizza-3559129,Portland House of Pizza,"Portland, ME, US",,,2025-11-02 15:41:00,/jobs/163117990/apply
Customer service/ Kitchen staff,https://jobsinmaine.com/companies/portland-house-of-pizza-3559129,Portland House of Pizza,"Portland, ME, US",,,2025-11-02 15:41:01,/jobs/136972850/apply
"Director, Engineering & Capital Projects",https://jobsinmaine.com/companies/the-jackson-laboratory-2470939,The Jackson Laboratory,"Bar Harbor, Maine",,,2025-11-02 15:41:02,/jobs/171494984/apply
Chef or strong Line cook,https://jobsinmaine.com/companies/lennys-pub-5803960,Lennys Pub,"Westbrook, ME, US",,,2025-11-01 15:41:03,/jobs/171556052/apply
